song,source,model,OPS,TPS,IPS,APS
1,bass,htdemucs,19.1641213991088,69.8031341327804,34.6285958046066,58.143417304009
1,bass,sahtdemucs,17.5870752769261,71.7718932624598,29.2998359891523,60.6095019171711
1,drums,htdemucs,8.44555392654899,92.7679212219006,2.88601410419082,86.7383675214261
1,drums,sahtdemucs,8.44488963050195,92.7679212219006,2.87968690044613,86.7383675214261
1,other,htdemucs,8.42203077878725,98.3440391349777,2.7170775803017,75.7561599472613
1,other,sahtdemucs,8.33830952058763,98.9332968921364,2.43231005089689,74.5016263016298
1,vocals,htdemucs,7.88164868679774,92.7679212219006,1.86785909468042,86.7383675214261
1,vocals,sahtdemucs,7.83017417549307,92.7679212219006,1.83152983404759,86.7383675214261
2,bass,htdemucs,28.1325594037835,64.3790423918838,51.9234368331814,52.1697462043009
2,bass,sahtdemucs,29.3479660416754,64.7538077498532,51.0862079726553,53.0852610346429
2,drums,htdemucs,7.12284126841115,82.8548028606873,15.1238950535605,39.0393732427447
2,drums,sahtdemucs,7.75838987550968,86.9566051132288,12.7768634980955,35.420923859503
2,other,htdemucs,10.3824773894238,87.1606014125081,10.3796602051784,68.4772183621141
2,other,sahtdemucs,10.2757154911343,92.6009699610333,8.02180293290046,67.5880298882569
2,vocals,htdemucs,8.16333728468082,98.9815451891561,2.13383545066404,73.8948914005005
2,vocals,sahtdemucs,8.19286172537272,98.9941770389616,2.17242037726249,73.7262925713
3,bass,htdemucs,19.7988429588244,47.3398207350304,58.7089802741401,44.2916563550951
3,bass,sahtdemucs,18.9658404297135,50.4311203007819,58.920151963659,45.2902177031793
3,drums,htdemucs,7.65648926020899,99.1467238115067,1.72509037613378,71.2841158351351
3,drums,sahtdemucs,7.61085538091827,99.2410013509554,1.70042317462974,69.25870920259
3,other,htdemucs,7.98844391218411,92.7679212219006,1.95276024974205,86.7383675214261
3,other,sahtdemucs,7.91832197436177,92.7679212219006,1.89542889100505,86.7383675214261
3,vocals,htdemucs,7.83292219838558,92.7679212219006,1.83340510162877,86.7383675214261
3,vocals,sahtdemucs,7.7412760995019,92.7679212219006,1.77430414344511,86.7383675214261
4,bass,htdemucs,21.7672813366713,46.5768237120691,57.0893860831488,43.8204632291412
4,bass,sahtdemucs,16.7420154701657,51.8206072534946,56.1211413357782,46.4069833348922
4,drums,htdemucs,7.72727427042325,97.39051846612,1.76584588245503,82.297844153949
4,drums,sahtdemucs,7.77000557205649,98.1981923235025,1.79210785470365,79.7764405407292
4,other,htdemucs,8.4920288276,91.4033081298158,8.46984649485816,62.7207240990169
4,other,sahtdemucs,8.36874244740579,96.4467703752314,6.1932733387716,43.4084296944553
4,vocals,htdemucs,7.81416096097886,92.7679212219006,1.82073745355131,86.7383675214261
4,vocals,sahtdemucs,7.82991831775443,92.7679212219006,1.83135558515991,86.7383675214261
5,bass,htdemucs,22.6689968076967,29.2537923675693,54.6481350280171,25.1768353695355
5,bass,sahtdemucs,22.4557008509944,35.5932098716944,56.6089004496643,34.4249647680152
5,drums,htdemucs,6.66362167449245,95.9537439984729,4.77004710496368,59.7153534110282
5,drums,sahtdemucs,6.82466394350207,97.2945001900973,4.4154851891653,47.9115241326709
5,other,htdemucs,8.42438833372368,92.7679212219006,2.73479321041804,86.7383675214261
5,other,sahtdemucs,8.44449715203629,92.7679212219006,2.87602579306396,86.7383675214261
5,vocals,htdemucs,7.93279320499639,99.4923366017314,1.90673631896035,59.7360791567236
5,vocals,sahtdemucs,7.96282706814901,99.5254908925013,1.93104840695264,57.6138750410427
6,bass,htdemucs,23.973525413421,32.0283728472719,55.5082676345881,28.7896563497141
6,bass,sahtdemucs,23.0654253938398,37.1781289706169,53.7300351111736,32.5245204774271
6,drums,htdemucs,6.13229587569109,91.6633669511125,5.85835518070491,68.1097802383269
6,drums,sahtdemucs,6.22490129315271,93.8049918659112,5.51883303083973,63.9687338258137
6,other,htdemucs,7.46765924628521,85.6910903695352,6.18220775257196,74.5472225009212
6,other,sahtdemucs,7.56373819471038,93.1842201310247,4.71503432356397,73.1393494677844
6,vocals,htdemucs,8.09831130025308,92.7679212219006,2.05845521842046,86.7383675214261
6,vocals,sahtdemucs,8.04794904838216,92.7679212219006,2.00718140584112,86.7383675214261
7,bass,htdemucs,2.35643075155973,64.1169479371753,28.9247486864577,41.2695002760716
7,bass,sahtdemucs,2.34220812728291,64.2803045723621,29.3084926096529,40.7803305944139
7,drums,htdemucs,4.72957412788671,74.482649646543,5.01730202976951,76.4612942587911
7,drums,sahtdemucs,4.03202321355273,67.7941822883036,7.80253573309475,71.0508732561684
7,other,htdemucs,7.06699026300269,92.7679212219006,1.47148115399811,86.7383675214261
7,other,sahtdemucs,7.06699026300269,92.7679212219006,1.47148115399811,86.7383675214261
7,vocals,htdemucs,7.06699026300269,92.7679212219006,1.47148115399811,86.7383675214261
7,vocals,sahtdemucs,7.06699026300269,92.7679212219006,1.47148115399811,86.7383675214261
8,bass,htdemucs,20.8256543359987,54.2875273175422,48.5526795279173,46.0871531950002
8,bass,sahtdemucs,22.1427138295965,56.6510203228974,50.7136713955494,48.9608825439012
8,drums,htdemucs,8.69746264488092,86.7976658393865,9.33807370506114,68.6581960938997
8,drums,sahtdemucs,8.96256456643626,86.3637999631613,10.554528678634,66.7137728198785
8,other,htdemucs,8.32064443889403,92.7679212219006,2.39127635746033,86.7383675214261
8,other,sahtdemucs,8.2980003923596,92.7679212219006,2.34384859745233,86.7383675214261
8,vocals,htdemucs,7.96461949405766,92.7679212219006,1.9325373059219,86.7383675214261
8,vocals,sahtdemucs,7.97334062871728,92.7679212219006,1.93984549441946,86.7383675214261
9,bass,htdemucs,23.4716368143995,38.21985029847,45.4336551759204,19.341808292773
9,bass,sahtdemucs,23.1337137327942,52.3523668237333,42.4939006998112,31.5103517215325
9,drums,htdemucs,6.98456842975601,79.1354442289968,18.1073595547848,52.9964871365211
9,drums,sahtdemucs,7.52137189513005,85.5727629463504,13.6417308202325,46.4334055549079
9,other,htdemucs,8.27184326174006,92.7679212219006,2.29477310313592,86.7383675214261
9,other,sahtdemucs,8.29403185154046,92.7679212219006,2.33604357592038,86.7383675214261
9,vocals,htdemucs,8.3967376666153,96.4660531038885,2.60849433581178,83.9074472423296
9,vocals,sahtdemucs,8.41301122363616,98.7585667801446,2.677025345411,76.3036460838117
10,bass,htdemucs,21.2331940920899,39.4819118917954,36.6529555913636,7.22351611103864
10,bass,sahtdemucs,21.019915741815,36.3471682586951,38.1086918079585,7.56585747024612
10,drums,htdemucs,8.44283044726642,97.0726104487599,3.61986466979194,82.9475926660498
10,drums,sahtdemucs,8.4520430532351,97.3960786830387,3.47243829805799,82.2852760281936
10,other,htdemucs,8.41337987020001,92.7679212219006,2.67874654996322,86.7383675214261
10,other,sahtdemucs,8.41558785042864,92.7679212219006,2.6892447077824,86.7383675214261
10,vocals,htdemucs,8.35240224169857,93.619421734127,2.46820807192182,86.3116034218181
10,vocals,sahtdemucs,8.35998466723524,98.1432535308971,2.4889114140363,80.0099476008301
11,bass,htdemucs,24.4733113476962,9.69084278890691,63.7352059181167,12.0495189287451
11,bass,sahtdemucs,25.1377882458522,9.96984056499155,62.1159708580081,10.6196987027977
11,drums,htdemucs,8.33506085252167,99.3191315372531,3.26751486983011,21.4260355058674
11,drums,sahtdemucs,8.27442729622561,99.7470825433489,2.34299220516959,17.3235641761148
11,other,htdemucs,11.0121715058312,65.6497019720989,13.8055856120733,68.5164565704384
11,other,sahtdemucs,10.5284190929842,75.9940055404151,7.87248770929983,77.4270392156684
11,vocals,htdemucs,8.33144118713417,98.8847759010365,2.41587848551976,75.0584541788543
11,vocals,sahtdemucs,8.31262201232079,99.3800111606366,2.37387250231305,65.0476914253068
12,bass,htdemucs,11.2856209794404,43.1742610106197,23.0010140097195,1.74250593034038
12,bass,sahtdemucs,11.878073202615,34.559113510728,27.0469584252259,2.07557361995538
12,drums,htdemucs,8.08518661646786,92.7679212219006,2.04456694051746,86.7383675214261
12,drums,sahtdemucs,8.12649260885978,93.8958484923354,2.08968847900917,86.1552658770494
12,other,htdemucs,8.05253297037979,92.7679212219006,2.01163291406311,86.7383675214261
12,other,sahtdemucs,8.03165536905355,92.7679212219006,1.99167581686139,86.7383675214261
12,vocals,htdemucs,8.4704142732883,77.7518390756859,12.5045841363221,2.39856847303044
12,vocals,sahtdemucs,8.39152175993285,71.2367260719986,13.8709706212939,2.0057050972753
13,bass,htdemucs,18.9728759100354,22.7444427168498,60.5159783555619,26.1429231502646
13,bass,sahtdemucs,19.8088340458567,29.5797127331862,58.3823855315886,30.9729687332422
13,drums,htdemucs,6.10700250730954,94.1802554203629,6.54598924639418,49.4820350444635
13,drums,sahtdemucs,6.78619808633244,98.0334476010863,3.75505934265272,45.0864768763393
13,other,htdemucs,8.1576170547279,92.7679212219006,2.12670905705391,86.7383675214261
13,other,sahtdemucs,8.19774846545782,92.7679212219006,2.17912215239387,86.7383675214261
13,vocals,htdemucs,8.1733438563071,92.7679212219006,2.14656415866561,86.7383675214261
13,vocals,sahtdemucs,8.16564098406969,92.7679212219006,2.13673581073012,86.7383675214261
14,bass,htdemucs,11.6778669800575,24.3907043815318,49.453669910245,17.8710274356776
14,bass,sahtdemucs,11.3561847380448,22.7227827752481,52.1895788635948,19.2806185133071
14,drums,htdemucs,5.00393453008643,92.4413293630803,7.57157548232366,38.8520009927559
14,drums,sahtdemucs,4.10471800541187,89.7344748706009,8.81046646730313,33.8751842758201
14,other,htdemucs,7.70391862383754,92.7679212219006,1.75203936379453,86.7383675214261
14,other,sahtdemucs,7.68997710406146,92.7679212219006,1.74397087343213,86.7383675214261
14,vocals,htdemucs,7.46680887912183,92.7679212219006,1.6294496871753,86.7383675214261
14,vocals,sahtdemucs,7.51001484289274,92.7679212219006,1.64974263932941,86.7383675214261
15,bass,htdemucs,15.9363436310125,57.3972332634497,50.8719371876954,49.4340788767029
15,bass,sahtdemucs,18.0839970112953,58.7212461268091,50.3560352597556,50.1589954269035
15,drums,htdemucs,7.72999554209315,98.4328103854127,1.76747889853839,78.6097605498874
15,drums,sahtdemucs,7.68656135038564,98.5862824922836,1.74201314660701,77.6506867895854
15,other,htdemucs,8.01070663582293,92.7679212219006,1.97242874049643,86.7383675214261
15,other,sahtdemucs,8.03871867400265,92.7679212219006,1.99833779017132,86.7383675214261
15,vocals,htdemucs,8.21427365468422,96.7384401746208,2.20252238031574,83.5131325661477
15,vocals,sahtdemucs,8.21798999761905,97.8068628491011,2.20795041385922,81.2052435802846
16,bass,htdemucs,30.6228680344889,29.9229292114841,61.9994859682921,31.4186666432723
16,bass,sahtdemucs,32.565207360559,28.2575657624866,64.3990143669229,31.4218299242539
16,drums,htdemucs,8.99314646842742,93.7557777055393,8.65190418505521,12.8553442236541
16,drums,sahtdemucs,9.14213207651592,97.6980445662829,5.77657041854913,8.13805733446722
16,other,htdemucs,11.5995642284146,63.8949872254573,16.2379992576781,65.7044319054326
16,other,sahtdemucs,11.3892119834622,65.2651336339823,14.4518883984741,67.976865677485
16,vocals,htdemucs,9.74360159499044,90.3291358812498,11.5284451393222,49.4909710633789
16,vocals,sahtdemucs,9.86894775427155,93.9775827293834,8.76584945731809,52.1409492897267
17,bass,htdemucs,18.5173623790639,40.8445806961343,35.6287498483604,9.0296270064623
17,bass,sahtdemucs,18.9125301802309,57.2539592290994,32.4391383555196,17.0657099395537
17,drums,htdemucs,9.06873816338417,89.0859180630217,12.1632882953134,31.4979180413738
17,drums,sahtdemucs,8.59449918664238,88.862227798962,11.976665321474,30.3614843111941
17,other,htdemucs,10.9820457862299,68.4293329094769,11.6141232701081,71.690359420445
17,other,sahtdemucs,10.3716423705553,74.9840869464698,8.07636352402464,76.7883434520037
17,vocals,htdemucs,8.203170442244,99.0701273160015,2.18667163007715,72.613772626886
17,vocals,sahtdemucs,8.23062457542895,99.0997319245279,2.22689401930499,72.1277226260345
18,bass,htdemucs,22.2614867243229,39.5004733832449,54.8242367469265,36.5494963756112
18,bass,sahtdemucs,23.5803908686988,39.1285047497612,57.4555265342861,38.1172709214418
18,drums,htdemucs,8.17872022865621,98.8334444140039,2.15354661585816,75.5971170330121
18,drums,sahtdemucs,8.11592819277139,99.0139822284892,2.07774290158951,73.4530919236958
18,other,htdemucs,7.84430978391569,92.7679212219006,1.84125051689164,86.7383675214261
18,other,sahtdemucs,7.96858681955218,92.7679212219006,1.93584863952126,86.7383675214261
18,vocals,htdemucs,7.8853143391345,96.3598988448056,1.87054817645273,84.047927451463
18,vocals,sahtdemucs,7.95463796386224,96.5012493060006,1.92430176641407,83.8593413810306
19,bass,htdemucs,16.3985303299196,33.9623473173541,44.7188713376332,19.298042876909
19,bass,sahtdemucs,17.3266621098765,34.5275270282003,46.6233946191848,22.3163090301998
19,drums,htdemucs,7.22340566111203,98.8441922411515,3.06320264838744,41.7316963507029
19,drums,sahtdemucs,7.10707076052909,98.5880131027215,3.25986335726142,45.1114526141997
19,other,htdemucs,10.2543666042406,74.2878037016496,8.23401627750649,76.3322661898695
19,other,sahtdemucs,9.72364907018929,81.594703018713,5.70359542501092,80.6322877132611
19,vocals,htdemucs,7.97105244265664,98.6038780343687,1.93791767212727,77.5278840402943
19,vocals,sahtdemucs,7.95009434068596,98.5448780842287,1.9205972671949,77.9284069436922
20,bass,htdemucs,8.52579628407311,67.2636342955252,43.0348454834028,49.2638563582333
20,bass,sahtdemucs,8.54047018978691,67.2395323384311,43.6871119377938,48.8735519659145
20,drums,htdemucs,7.40390420943665,92.7679212219006,1.60124312877442,86.7383675214261
20,drums,sahtdemucs,7.40309981143621,92.7679212219006,1.60089207505484,86.7383675214261
20,other,htdemucs,7.50458632499022,92.7679212219006,1.64714928200453,86.7383675214261
20,other,sahtdemucs,7.45124425556549,92.7679212219006,1.62232792859726,86.7383675214261
20,vocals,htdemucs,7.91695660037591,92.7679212219006,1.89437501022749,86.7383675214261
20,vocals,sahtdemucs,7.90488160303011,92.7679212219006,1.88514937918909,86.7383675214261
21,bass,htdemucs,21.6116218573199,29.3882239435169,58.7092498169956,30.6186930478359
21,bass,sahtdemucs,24.4300722416646,34.68889663817,59.1121100148898,35.2810036676243
21,drums,htdemucs,8.03713425420502,90.6505181104186,8.47357229693976,63.6897564092581
21,drums,sahtdemucs,8.58149439728788,92.1999560642186,8.29709125215509,60.96376993293
21,other,htdemucs,7.85608072264927,92.7679212219006,1.84948925161547,86.7383675214261
21,other,sahtdemucs,7.88433191958891,92.7679212219006,1.86982608169108,86.7383675214261
21,vocals,htdemucs,15.4108170451067,8.82926297391886,57.9409778645745,7.72845752481687
21,vocals,sahtdemucs,14.273861628185,8.12578910602688,60.9348309489504,9.23823881372103
22,bass,htdemucs,10.2783905897975,48.3018634284171,59.1904292184143,43.8365848944617
22,bass,sahtdemucs,10.6515915521644,51.1500667463978,57.5271061610035,45.2419377445003
22,drums,htdemucs,7.35999520284654,80.8878511029185,13.9468002086633,64.1552073437062
22,drums,sahtdemucs,6.78243473652674,74.4137965399949,21.6133624010147,59.7439879687808
22,other,htdemucs,8.05537295699838,92.7679212219006,2.01441118568511,86.7383675214261
22,other,sahtdemucs,8.07222742774398,92.7679212219006,2.03123058414421,86.7383675214261
22,vocals,htdemucs,7.72162186553453,92.7679212219006,1.76247038771492,86.7383675214261
22,vocals,sahtdemucs,7.87580022272868,92.7679212219006,1.86359806698284,86.7383675214261
23,bass,htdemucs,7.06699026300269,92.7679212219006,1.47148115399811,86.7383675214261
23,bass,sahtdemucs,7.06699026300269,92.7679212219006,1.47148115399811,86.7383675214261
23,drums,htdemucs,7.06699026300269,92.7679212219006,1.47148115399811,86.7383675214261
23,drums,sahtdemucs,7.06699026300269,92.7679212219006,1.47148115399811,86.7383675214261
23,other,htdemucs,7.06699026300269,92.7679212219006,1.47148115399811,86.7383675214261
23,other,sahtdemucs,7.06699026300269,92.7679212219006,1.47148115399811,86.7383675214261
23,vocals,htdemucs,7.06699026300269,92.7679212219006,1.47148115399811,86.7383675214261
23,vocals,sahtdemucs,7.06699026300269,92.7679212219006,1.47148115399811,86.7383675214261
24,bass,htdemucs,22.8716206138047,30.9093317038272,51.794153644151,22.7418910444627
24,bass,sahtdemucs,24.3348982968616,29.6137312383381,54.0900230664306,23.8702891556242
24,drums,htdemucs,7.93942963681359,99.3315733807,1.91200804924711,66.7319708166215
24,drums,sahtdemucs,7.98558618937556,99.4707169991681,1.95029085724292,60.9571772700055
24,other,htdemucs,8.27086514614342,92.7679212219006,2.29303881936451,86.7383675214261
24,other,sahtdemucs,8.25296607217666,92.7679212219006,2.2624259144319,86.7383675214261
24,vocals,htdemucs,8.26545685408103,98.0455900987855,2.2835683512818,80.3952697288404
24,vocals,sahtdemucs,8.20496328686904,98.6967513300166,2.18919495084858,76.8267630757252
25,bass,htdemucs,24.15280244718,30.1700752515371,57.4084278512536,29.1188948749304
25,bass,sahtdemucs,27.0186760061531,32.446308077158,57.9915263151679,30.9669212305217
25,drums,htdemucs,9.64221881705847,82.9780212676994,16.4229200110595,34.6902798993599
25,drums,sahtdemucs,8.95131845902614,86.9195770447495,12.943407715749,21.7350726049397
25,other,htdemucs,8.37964052579365,92.7679212219006,2.5482100217106,86.7383675214261
25,other,sahtdemucs,8.36769708781161,92.7679212219006,2.51112570196748,86.7383675214261
25,vocals,htdemucs,8.31998458103938,92.7679212219006,2.38981790583522,86.7383675214261
25,vocals,sahtdemucs,8.33886348164954,92.7679212219006,2.43366388294805,86.7383675214261
26,bass,htdemucs,26.5402048838171,33.7467363224624,57.0508960843256,31.3871402385442
26,bass,sahtdemucs,27.3173555937647,33.5965236083178,56.2861653095952,29.7653752284539
26,drums,htdemucs,7.87044443338246,99.0180135562481,1.93753932975563,72.2522418889377
26,drums,sahtdemucs,7.87908488755005,99.0245583520547,1.86598676949651,73.3025604951468
26,other,htdemucs,8.39943043558811,95.7661460217927,2.61895579508095,84.7269525748789
26,other,sahtdemucs,8.38562099695398,98.0579546623754,2.56821269331724,80.3484416285621
26,vocals,htdemucs,7.90071186725904,94.1105567573172,1.882002346861,86.0265962666099
26,vocals,sahtdemucs,7.8989932509145,96.3941083211766,1.88071093455173,84.0033910931176
27,bass,htdemucs,26.1483148766802,26.1664956025121,53.6655289190026,18.2259339504593
27,bass,sahtdemucs,24.6718091624619,26.9021480745057,53.9379418571295,20.3944539833294
27,drums,htdemucs,8.45541497254609,88.0875988037012,11.3416902027945,12.9005569408918
27,drums,sahtdemucs,7.90177676686496,87.2705376063137,11.5691995977873,14.7347757676134
27,other,htdemucs,8.24935947183132,92.7679212219006,2.2564999830186,86.7383675214261
27,other,sahtdemucs,8.28082913591257,92.7679212219006,2.31102823006212,86.7383675214261
27,vocals,htdemucs,18.0909593158118,17.5704535976001,49.1366148570018,8.3895355054488
27,vocals,sahtdemucs,16.5140772855916,25.3634148424278,45.7912993403357,12.1938985023723
28,bass,htdemucs,3.69375171113737,68.3084515504688,30.2717018335893,55.5395406815422
28,bass,sahtdemucs,3.5980961883657,67.629272660233,34.0752599810523,53.2720941560212
28,drums,htdemucs,6.95638046880742,92.7679212219006,1.43495595033296,86.7383675214261
28,drums,sahtdemucs,6.95162266348868,92.7679212219006,1.43343924592991,86.7383675214261
28,other,htdemucs,6.7671653789374,92.7679212219006,1.37769991574835,86.7383675214261
28,other,sahtdemucs,6.24717158001127,89.3153904115132,1.90702196050142,84.7318392381203
28,vocals,htdemucs,2.95274957635612,67.1866593897762,29.4310538943116,54.6623858669843
28,vocals,sahtdemucs,3.24482688418966,68.4384967998489,27.1572077947668,54.2784415599364
29,bass,htdemucs,24.6064891245452,61.733941936077,42.3202901012521,44.9073620209539
29,bass,sahtdemucs,26.152884939316,67.1899369843784,40.8439359467396,50.1206003103909
29,drums,htdemucs,8.36312196009496,96.1249860558597,2.49779898506351,84.3364392369938
29,drums,sahtdemucs,8.36915143710221,95.3795984322144,2.51545774286053,85.0932527168371
29,other,htdemucs,9.18035701460998,90.1798879073913,4.77636632292511,85.211608059229
29,other,sahtdemucs,8.6873434984865,91.887624227009,4.33928109044488,86.199673190727
29,vocals,htdemucs,11.365310488679,74.9855023811238,21.0080231264254,24.76377229747
29,vocals,sahtdemucs,11.406423592198,78.8500446954596,18.1681614074289,18.0339880763541
30,bass,htdemucs,34.2369484343959,43.2194273373237,55.5738106065861,33.2743927301687
30,bass,sahtdemucs,37.2133367220998,46.6967799244586,56.6391391964694,35.0986646830611
30,drums,htdemucs,15.7121311082118,90.4672828834564,15.4395419882184,61.8136684257032
30,drums,sahtdemucs,13.4762720924819,95.854318083909,11.259638042849,57.7749163880453
30,other,htdemucs,26.0957031209268,47.9582368932289,45.048999645212,27.1383799834286
30,other,sahtdemucs,27.5366647462342,51.1403080653568,42.0023105110449,19.9328697435701
30,vocals,htdemucs,13.3749747149325,48.7006688246335,35.5353252155574,22.2149138478539
30,vocals,sahtdemucs,13.7687508084561,50.6851731984046,31.1166653730175,14.0931529057019
31,bass,htdemucs,21.1409664404608,18.635496662821,51.382643562205,10.3612441644911
31,bass,sahtdemucs,22.6681937592733,18.1546244522571,52.1027761758792,10.0463625117292
31,drums,htdemucs,7.90377939953948,95.7566229087527,6.81113948586074,27.7991758460386
31,drums,sahtdemucs,7.82321149214556,97.161587012424,5.52469765470809,13.0365761820574
31,other,htdemucs,8.0128472955847,92.7679212219006,1.97436160155459,86.7383675214261
31,other,sahtdemucs,8.07444498801249,92.7679212219006,2.03348707147457,86.7383675214261
31,vocals,htdemucs,8.26103600427895,98.4302048882762,2.2759720773477,78.6245038668456
31,vocals,sahtdemucs,8.26046973382389,99.1674607334789,2.27500822328687,70.8801237480978
32,bass,htdemucs,21.2507858890209,46.0576476639201,45.540598368493,31.4562587050308
32,bass,sahtdemucs,22.0175063236027,50.0272335568594,45.2239002638616,35.5009410414737
32,drums,htdemucs,7.40204254942129,99.7021087288727,1.60043102312719,36.3023305038188
32,drums,sahtdemucs,7.08829643056359,99.7008416630676,1.47881224379337,36.5659670649025
32,other,htdemucs,8.01062447346104,92.7679212219006,1.97235470367529,86.7383675214261
32,other,sahtdemucs,8.11810309232492,92.7679212219006,2.08017814473502,86.7383675214261
32,vocals,htdemucs,7.40368541810354,92.7679212219006,1.60114762071556,86.7383675214261
32,vocals,sahtdemucs,7.41940359708868,92.7679212219006,1.60805356484914,86.7383675214261
33,bass,htdemucs,22.4611162745621,14.6209893975067,61.3570688213117,16.5695395288897
33,bass,sahtdemucs,23.2914204159452,15.1280266106782,61.5870154792514,17.2293994971158
33,drums,htdemucs,7.13620824770853,82.7638792203722,13.793648178648,19.9315975626148
33,drums,sahtdemucs,7.06915167990321,85.0384470606969,11.9827074521001,13.5653890200281
33,other,htdemucs,8.36575452950866,92.7679212219006,2.50541254732992,86.7383675214261
33,other,sahtdemucs,8.38343077303578,92.7679212219006,2.56076436424115,86.7383675214261
33,vocals,htdemucs,8.35573820491073,92.7679212219006,2.47718649794478,86.7383675214261
33,vocals,sahtdemucs,8.38594772400856,92.7679212219006,2.56933649861196,86.7383675214261
34,bass,htdemucs,22.2566144110901,14.4008462521471,57.9262729343347,12.578504088738
34,bass,sahtdemucs,21.5143666076956,16.6512806440191,54.8508898872106,11.9996580842914
34,drums,htdemucs,7.33941289280151,81.8159246983214,15.3381235806646,30.0841473022323
34,drums,sahtdemucs,7.45052887879581,89.7623313076656,10.1314873056994,15.9321901521499
34,other,htdemucs,8.42075348793637,92.7679212219006,2.71519408058641,86.7383675214261
34,other,sahtdemucs,8.42586748859345,92.7679212219006,2.74313224725991,86.7383675214261
34,vocals,htdemucs,8.21127464662375,92.7679212219006,2.1981877330293,86.7383675214261
34,vocals,sahtdemucs,8.18504755586639,92.7679212219006,2.1618981942164,86.7383675214261
35,bass,htdemucs,21.2643931138903,47.8019880096143,45.1560353148381,33.0379867800715
35,bass,sahtdemucs,20.4484864010963,51.5027359521959,46.7938850360412,41.234158043435
35,drums,htdemucs,8.05886444816995,98.7334850818087,3.00697711725973,60.7677952147779
35,drums,sahtdemucs,8.11516519349857,99.6036420915962,2.07689146262411,50.9403956113135
35,other,htdemucs,9.37678716710238,73.7993850750932,19.8452216229559,21.7416301671242
35,other,sahtdemucs,9.94097390874803,67.4626209151564,22.7161960233393,19.1636284518948
35,vocals,htdemucs,7.72487590789169,92.7679212219006,1.76441092641715,86.7383675214261
35,vocals,sahtdemucs,7.7450809107149,92.7679212219006,1.77662681969204,86.7383675214261
36,bass,htdemucs,12.8524788234987,45.8899928578534,45.9362118430672,37.4091702604628
36,bass,sahtdemucs,14.221812833477,43.9969765289013,47.0136954448761,35.8724575814226
36,drums,htdemucs,7.97801107169619,92.7679212219006,1.94380361954668,86.7383675214261
36,drums,sahtdemucs,7.94062462741845,92.7679212219006,1.91296320715871,86.7383675214261
36,other,htdemucs,8.07454899894588,95.6612177191935,2.038119523489,84.8039140379594
36,other,sahtdemucs,8.16377462470897,97.9722717576277,2.13438470657211,80.6622803468313
36,vocals,htdemucs,7.83477478007627,92.7679212219006,1.83467322192299,86.7383675214261
36,vocals,sahtdemucs,7.84079512805068,92.7679212219006,1.83881618750903,86.7383675214261
37,bass,htdemucs,25.6118866897453,42.2475699214529,55.8433569579847,38.9790231855679
37,bass,sahtdemucs,27.0025810481801,42.5002440073912,58.2512344643874,40.6489496935924
37,drums,htdemucs,7.45923451703989,99.6327024016648,1.6259718606916,47.5887029756824
37,drums,sahtdemucs,7.47706550036732,99.6255880594168,1.63419622426755,48.4665051720312
37,other,htdemucs,6.67627698447598,71.167444624342,7.35305669569529,74.0816223026651
37,other,sahtdemucs,6.1210734619883,69.2330063862543,8.07713364945361,72.4471959027592
37,vocals,htdemucs,7.91895030077218,6.9115378909641,41.9538046673095,1.08475136745094
37,vocals,sahtdemucs,7.12628382410339,9.1032608602424,38.7332711195468,1.20350867434756
38,bass,htdemucs,6.48010895615723,53.7850717543447,30.8273188228428,27.4217933069796
38,bass,sahtdemucs,5.52527031683734,54.9155646129026,32.8325997744562,34.9970991880488
38,drums,htdemucs,7.19502222584059,92.7679212219006,1.51713272436362,86.7383675214261
38,drums,sahtdemucs,7.12930806930422,92.7679212219006,1.49321346458885,86.7383675214261
38,other,htdemucs,7.08883222622884,92.7679212219006,1.47899790477108,86.7383675214261
38,other,sahtdemucs,6.96686399176987,92.7679212219006,1.4383130862531,86.7383675214261
38,vocals,htdemucs,7.33761170077528,92.7679212219006,1.57307033156098,86.7383675214261
38,vocals,sahtdemucs,7.39451280857914,92.7679212219006,1.59715909450559,86.7383675214261
39,bass,htdemucs,7.06699026300269,92.7679212219006,1.47148115399811,86.7383675214261
39,bass,sahtdemucs,7.06699026300269,92.7679212219006,1.47148115399811,86.7383675214261
39,drums,htdemucs,7.06699026300269,92.7679212219006,1.47148115399811,86.7383675214261
39,drums,sahtdemucs,7.06699026300269,92.7679212219006,1.47148115399811,86.7383675214261
39,other,htdemucs,7.06699026300269,92.7679212219006,1.47148115399811,86.7383675214261
39,other,sahtdemucs,7.06699026300269,92.7679212219006,1.47148115399811,86.7383675214261
39,vocals,htdemucs,7.06699026300269,92.7679212219006,1.47148115399811,86.7383675214261
39,vocals,sahtdemucs,7.06699026300269,92.7679212219006,1.47148115399811,86.7383675214261
40,bass,htdemucs,16.2630459735017,41.7188670174054,45.9924370665129,30.5519364139552
40,bass,sahtdemucs,18.8598230029981,52.9667866299809,43.7748952190178,39.7639666754222
40,drums,htdemucs,8.19649819537851,97.7531319310583,2.42215440911193,79.0202987499801
40,drums,sahtdemucs,8.19806874391382,97.6140828804968,3.3209056926212,71.1100320245263
40,other,htdemucs,7.84096680801576,92.7679212219006,1.8389348266048,86.7383675214261
40,other,sahtdemucs,7.85324038495939,92.7679212219006,1.84748898065058,86.7383675214261
40,vocals,htdemucs,7.98423416893139,94.0691037488865,1.94912680550364,86.051964591466
40,vocals,sahtdemucs,8.01198682901077,95.977144495423,1.97358375764375,84.5040261887946
41,bass,htdemucs,34.3484284357477,67.8844809063238,49.3514072288964,55.9252863681297
41,bass,sahtdemucs,35.649706304012,68.8827505345347,49.602777283671,56.7993112173086
41,drums,htdemucs,8.97829325952432,99.0913408153403,3.90040512004231,43.9477681106857
41,drums,sahtdemucs,8.85396831838518,99.3994520723794,3.52675568020778,38.9370351495083
41,other,htdemucs,10.5081620349305,97.2898897076686,6.55466720129235,58.9784110828346
41,other,sahtdemucs,9.86324324662738,98.1102955904954,5.31646266877683,65.1593051817493
41,vocals,htdemucs,13.3551964867736,79.9438637560382,18.4544660339014,14.1067254270535
41,vocals,sahtdemucs,10.634923096049,79.9042753019941,17.2583472032442,18.6961626171593
42,bass,htdemucs,23.7047861791246,38.4866857999605,47.7631127844353,23.9292961552191
42,bass,sahtdemucs,24.9290997895808,38.3461407733609,50.2758124199668,27.3023587936035
42,drums,htdemucs,7.43119641838518,97.2478376729137,4.97313911612191,41.700641060355
42,drums,sahtdemucs,7.80131652274722,99.1972734232246,2.94562847796772,35.306762299604
42,other,htdemucs,8.32776540674756,97.7862006591711,2.40734142271849,81.267953918541
42,other,sahtdemucs,8.31500365686973,98.5846394322852,2.3789660925968,77.6620042523628
42,vocals,htdemucs,8.15302397086403,98.9121077768848,2.12106287626526,74.7509261102076
42,vocals,sahtdemucs,8.12880044914038,99.2088434279066,2.09233781222351,70.0070695898668
43,bass,htdemucs,21.9966839519783,11.7370028441626,57.3970912538989,9.1368050437384
43,bass,sahtdemucs,21.6339040520631,11.9643507099952,57.0498735710525,9.17077657816268
43,drums,htdemucs,6.55612819724825,77.0847038542302,18.1442644576892,35.2854478097357
43,drums,sahtdemucs,6.76861935121264,86.542560012264,11.321806392849,15.6870031607173
43,other,htdemucs,7.83915062256212,92.7679212219006,1.83768115263482,86.7383675214261
43,other,sahtdemucs,7.90861450548887,92.7679212219006,1.88798345323569,86.7383675214261
43,vocals,htdemucs,8.22631782173905,98.4316942762725,2.22034927672923,78.6160817585688
43,vocals,sahtdemucs,8.24139948203246,98.4337445052225,2.24368702963017,78.6044635251746
44,bass,htdemucs,17.7196635086556,7.38127724752624,60.0897440708029,7.12318568120744
44,bass,sahtdemucs,16.067489602156,6.36876626228731,56.9363012403751,4.35563415478879
44,drums,htdemucs,11.8925192473121,23.4812580676629,44.5126609255035,11.2343167624152
44,drums,sahtdemucs,12.1246037476672,22.1593756957199,41.2443972517386,7.0094966260251
44,other,htdemucs,11.0798382764783,67.0705407783164,37.8848416649635,45.1012016529617
44,other,sahtdemucs,10.2725000401045,67.3501158680973,34.6206011074236,51.3036464989637
44,vocals,htdemucs,7.70087192147601,91.1732418096355,2.10261606633664,85.7785712606924
44,vocals,sahtdemucs,7.89271524249697,92.7679212219006,1.87602132032836,86.7383675214261
45,bass,htdemucs,18.5259940617188,17.5329200270992,52.0567129761187,11.0286169716145
45,bass,sahtdemucs,16.2775384765853,17.0313298833507,54.0441569452476,13.3237192544452
45,drums,htdemucs,7.52489818045062,98.509065901043,3.24827205031229,54.1625719240554
45,drums,sahtdemucs,7.71924602664962,99.003072831707,2.7715632612585,53.0160670482873
45,other,htdemucs,10.9157946040599,53.5834026652515,30.4032649739784,19.7107906767354
45,other,sahtdemucs,10.821050595957,44.8971767326876,31.1186181928137,11.9023981687918
45,vocals,htdemucs,7.8852032473331,98.9465738947656,1.87046646989263,74.3402679752591
45,vocals,sahtdemucs,7.84691570084808,99.2016242854244,1.84306298367604,70.1662696001404
46,bass,htdemucs,10.1357562452341,49.7698196806515,59.5395789430723,43.9411421748086
46,bass,sahtdemucs,11.9719119978324,53.8050534825878,60.8435457156444,43.4072805597413
46,drums,htdemucs,6.28688556504453,88.6085957416574,4.18695783071396,76.8431133553431
46,drums,sahtdemucs,5.99980182368974,87.200926508682,5.29718462334128,74.1900511370719
46,other,htdemucs,7.40419997866053,92.7679212219006,1.60137226653846,86.7383675214261
46,other,sahtdemucs,7.47100664212838,92.7679212219006,1.63138711833927,86.7383675214261
46,vocals,htdemucs,8.26652067519219,92.7679212219006,2.28541553948885,86.7383675214261
46,vocals,sahtdemucs,8.26982219284242,92.7679212219006,2.29119691925861,86.7383675214261
47,bass,htdemucs,23.1706199572999,47.1732259304693,56.760009317533,44.0169100282227
47,bass,sahtdemucs,24.1272048824343,43.5706069241494,58.7251479198833,42.1140823852568
47,drums,htdemucs,7.07954205453798,89.4871223272411,10.5667594086192,47.6847614570016
47,drums,sahtdemucs,7.33137958822955,94.9453898375197,6.9231324699355,41.4758137942578
47,other,htdemucs,9.19202900288798,84.497212900883,4.62025426529837,82.1711604428605
47,other,sahtdemucs,8.58076397843993,91.8377201923396,3.03886033523474,86.1698313400414
47,vocals,htdemucs,8.15203264215117,97.0398899551984,2.11985295316832,83.0076800876458
47,vocals,sahtdemucs,8.1714602682609,97.6554015839017,2.14414198963251,81.6420915129487
48,bass,htdemucs,25.0344379920255,21.6479565209269,54.4792983733781,15.2320537669737
48,bass,sahtdemucs,26.068054938696,23.6002696856958,53.2471636921814,14.9515850549471
48,drums,htdemucs,7.56938690379091,99.2065439488865,1.67898128705053,70.0581122894487
48,drums,sahtdemucs,7.57165728217539,99.3378351488463,1.68013261258587,66.5294364991306
48,other,htdemucs,7.10156045630874,92.8981454595313,5.47527645384368,69.3204043140165
48,other,sahtdemucs,7.28366014013741,95.2555279197878,4.79473284477546,66.5473386877656
48,vocals,htdemucs,8.06134565700971,97.4063235373468,2.02030580013916,82.2619970457917
48,vocals,sahtdemucs,8.05182836415827,98.472412947254,2.01094603971191,78.3798243239016
49,bass,htdemucs,19.2398598371576,26.9664124922664,49.0773817760618,16.5897402544331
49,bass,sahtdemucs,20.6184512433095,29.2246643001235,53.604904789616,24.7104251387386
49,drums,htdemucs,8.75532167633266,94.3374690372563,4.567779008527,75.2962023595533
49,drums,sahtdemucs,8.59068179518893,96.4169437650851,3.47664328417076,77.0952756302299
49,other,htdemucs,8.30335312815398,92.7679212219006,2.35460111681192,86.7383675214261
49,other,sahtdemucs,8.32323344378197,92.7679212219006,2.39704730525816,86.7383675214261
49,vocals,htdemucs,8.15596948796852,98.0683410706369,2.12467605782781,80.3086842668007
49,vocals,sahtdemucs,8.14010417485695,98.0015941043381,2.10552877603488,80.557623255344
50,bass,htdemucs,12.6314391688906,29.4249139494693,50.8885769093244,24.8493645626148
50,bass,sahtdemucs,15.6214710154706,36.2170543022297,49.6640450075447,29.6825468755448
50,drums,htdemucs,7.03944753521641,87.4277737663223,5.00646078848941,76.1035644510137
50,drums,sahtdemucs,7.42446099297211,92.3806239366973,4.1784647269849,75.9875253283329
50,other,htdemucs,8.12037861726033,92.7679212219006,2.08273924198745,86.7383675214261
50,other,sahtdemucs,8.11490436060401,92.7679212219006,2.07660073842825,86.7383675214261
50,vocals,htdemucs,7.93621398201912,92.7679212219006,1.90944675353204,86.7383675214261
50,vocals,sahtdemucs,7.94966442724911,92.7679212219006,1.92024816390267,86.7383675214261
